{"cameraMode":{"drawMode":0,"name":"Shaded","section":"Shading Mode"},"sceneLighting":false,"audioPlay":false,"sceneViewState":{"showFog":true,"showMaterialUpdate":false,"showSkybox":true,"showFlares":true,"showImageEffects":true,"showParticleSystems":true,"showVisualEffectGraphs":true,"m_FxEnabled":true},"in2DMode":false,"pivot":{"x":16.700618743896486,"y":-15.258119583129883,"z":-48.23225021362305},"rotation":{"x":0.025951294228434564,"y":-0.9693499207496643,"z":0.21508918702602387,"w":0.11532338708639145},"size":41.70695495605469,"orthographic":false}